epoch,valid_loss
1,2.6690367460250854
2,1.4136713147163391
3,0.9343472719192505
