epoch,valid_loss,single,multiple
1,0.5817400217056274,0.667,0.667
2,0.3613181412220001,1.0,1.0
3,0.2474827915430069,1.0,1.0
